clip_id,classes,n_shapes,std_mean_abs_torque_normalized,std_mean_power_mass_normalized,std_normalized_jerk
000153,other,128,0.0001624624444651526,0.1688198487675647,151.27179676531338
000271,other,128,0.00015990005702167266,0.18598249979768233,337.32976537794707
000557,walking;standing,128,0.00019771165131233923,0.19688172827013145,384.4902711254195
000667,walking,128,0.0001936717405558824,0.21497885840523787,332.5990570550753
000828,walking;running,128,0.00019262079044140182,0.23070555009524105,371.4647564351234
001000,other,128,0.00016965993427607787,0.19460265750079556,287.2187209598666
001010,other,128,0.00018030140273908176,0.1783888840998973,132.37719598255754
001134,other,128,0.00019100573005806907,0.19503672465374106,452.5191749810899
001503,standing,128,0.00018115369640618273,0.17478964798766747,340.9669316864379
001545,standing,128,0.0002539911278431175,0.25142392609336855,665.6885150145902
001566,other,128,0.00018132229571208786,0.16527765381507398,93.86300121377741
002303,standing,128,0.00017569888455526474,0.1799348015604828,56.176906152846676
002325,walking,128,0.00020232807374867128,0.34047562958845545,443.99277082614145
002492,other,128,0.00013900130549626127,0.19216835241133456,166.2314823695549
002750,other,128,0.0002725513571523215,0.22412256845059736,697.7450712253718
002941,walking,128,0.00022103357385736826,0.2497828528272057,525.6484595651809
003621,other,128,0.00015784918234930322,0.17435269573414364,235.71932482282844
003689,walking,128,0.00022321989341457163,0.28684674582416136,388.32314088684416
003773,jumping;kicking,128,0.00025870938125702886,0.5143930239140204,408.4207471042039
003813,other,128,0.00015372808978061193,0.15613600916342033,43.45540815353203
003973,standing,128,0.00015143259895363588,0.151855422382998,71.74252284997365
004226,sitting;standing,128,0.00019847670653524275,0.1994111876095632,319.2659189735925
004230,walking;running;standing,128,0.0002098927990236839,0.3334138704577725,496.3103550409675
004858,standing,128,0.00015547955546237787,0.16369988393750795,61.32772730544485
005011,other,128,0.0001570017170184444,0.17374621502651474,124.11081390528948
005527,walking;jumping,128,0.00020146544452114825,0.2538981146735925,443.2167735819328
005724,walking,128,0.00010796257946975967,0.2005900191569191,334.1870037611612
005868,walking;standing,128,0.0001537614958576775,0.18465754378319596,325.45707808052055
006082,other,128,0.00018586751750960764,0.1774828693230608,226.277340978482
006141,other,128,9.989325904540447e-05,0.1497743898992139,156.34792159038875
006617,walking,128,0.0001898874559809497,0.23413209077334696,632.2102382650409
006857,dancing,128,0.0001798018217707968,0.21989553009866128,499.5741380351455
007081,walking,128,0.0001893046544051645,0.17947511118431192,332.92750133334886
007329,walking,128,0.00017793995141287516,0.189042047882787,321.7134832060191
007388,standing,128,0.00017983714894622,0.22995557959515506,336.7924995831995
007861,walking,128,0.00014277969065891824,0.16965789849743187,355.5727017771414
007891,walking,128,0.00019181472359668835,0.21719492340227858,618.7354020739946
007904,walking,128,0.0003351239715222896,0.27198320802041687,440.7685860537595
007993,other,128,0.00014185760984394803,0.1747597297995993,729.4490025369232
008125,running;standing,128,0.00017396338038030618,0.1788602217814138,158.26821223084858
008802,walking;standing,128,0.00023561363912450006,0.2597117287788217,572.8113280464272
008912,walking;dancing,128,0.00014860907641726137,0.18074307196356523,354.4148635203923
009122,walking,128,0.00017930404804988566,0.2286206519469646,370.6162355263225
009628,other,128,0.00019981875453586127,0.2535433969763893,180.95357058888536
009854,standing,128,0.00015564618375980263,0.15390625055804094,44.51104624976038
009927,other,128,0.0001906332543019514,0.17890017339795994,268.2376905181197
010007,other,128,0.00019431814490908646,0.1983149025982631,571.0126136932184
010120,walking,128,0.0001818468621382037,0.2065507539682608,190.79693991464453
010127,walking;standing,128,0.00020379708464395995,0.27819427431922744,593.1198508735143
010471,other,128,0.00021462960786774318,0.5230793534935302,363.705837113191
010504,running;standing,128,0.0001427472328155859,0.26990543765124153,231.23158625403093
010528,walking;sitting;standing,128,0.00018919989504029817,0.24014162888072724,462.36292132559544
010905,standing,128,0.0001761423760522934,0.21099069317306834,138.56969096219524
011023,other,128,0.00030417038954611003,0.3489373666652028,919.8511213357153
011089,dancing,128,0.0001509602648462876,0.19203664597508477,264.2416620113351
011108,dancing,128,0.00013790734482714022,0.15082400477978244,120.36128455655245
012721,walking,128,0.00020521721234996384,0.22156227082022895,701.5846055273363
012891,walking,128,0.00015247877909309066,0.1860264888388249,271.7843058931607
013181,walking,128,0.00018957427581800702,0.25825030970714724,567.5857592368217
013367,other,128,0.0002311287642678321,0.2501134603352478,472.95532202976176
013413,walking,128,0.0001670808847227464,0.19707633372976316,234.99276786511453
013599,walking,128,0.00024314751173686055,0.27842311945834575,309.3916360862893
014096,walking,128,0.000197141571877604,0.22263115783785206,429.56657187847213
014167,walking,128,0.000161243539803375,0.2488086351605013,261.77992565390343
014351,walking,128,0.00015667219365463145,0.1782514585784802,423.67253229664306
014400,kicking;dancing;standing,128,0.0003827515476500084,0.7740624286506984,745.9288260101963
014558,walking,128,0.00018644188311199862,0.23413585389445854,336.01665755564943
M000491,walking;jumping,128,0.0001627870768017095,0.18181767651321254,351.3459155579606
M000492,walking,128,0.0001864051394668807,0.23026089602144703,438.5448388530525
M000508,standing,128,0.0001683332298762923,0.15815245729648425,88.37341713849405
M000541,other,128,0.0001998281584946949,0.18768067520341689,401.1193855977352
M000594,jumping,128,0.00017273002181909726,0.2146026828270272,268.2854253353764
M000725,other,128,0.0001293224454981328,0.14340763338104334,110.94565556163296
M000919,walking,128,0.00024229983172425627,0.2428144502732123,357.50380866776163
M001062,kicking,128,0.00019478240331880303,0.21236930319261216,603.8740693961252
M001208,walking,128,0.00021022462599979392,0.25692622020564176,535.6610040383639
M001242,other,128,0.0002072115345301107,0.31694294540381723,683.0089101770951
M001499,walking,128,0.0001699247063446351,0.19933663991863898,237.19042012874692
M001501,walking,128,0.00020702571688063177,0.2582671834958279,602.6684689631783
M001540,standing,128,0.00019826595020951915,0.2045502589679811,175.3496143129637
M001658,walking,128,0.00016484730214222202,0.22097550355152815,420.9696073045055
M001679,other,128,0.00019994778186560401,0.20840018297615603,180.88726256696015
M001688,walking,128,0.0002054012648713524,0.2985489962811202,658.8676254263927
M001717,standing,128,0.00019138883725741015,0.19987355080051658,481.974285293316
M002028,other,128,0.00016499949622962514,0.1742517263548208,520.7913510268677
M002096,other,128,0.00017111121534011935,0.1866704701916948,367.05985473160206
M002261,walking,128,0.0001759438225126468,0.20893915359912532,482.4703256732766
M002534,jumping,128,0.0001377501903919887,0.19044283561538417,231.6758259455551
M002632,running;standing,128,0.00015055217312219361,0.1968512348580388,158.73162757699788
M002666,standing,128,0.00020561479732300478,0.23625829069185192,435.4452950834027
M002947,walking,128,0.00016760858586046203,0.19092794948764324,338.7783546495612
M003197,sitting,128,0.00038454920545428074,0.44559053572242824,1259.4667631559284
M003262,other,128,0.00027106968687243336,0.21597620950297097,461.9913445156764
M003281,other,128,0.00018021656267074913,0.1799048635804691,208.80782980712883
M003399,other,128,0.0001491016998622451,0.16287008843163217,191.28397908750668
M003804,jumping,128,0.00014161982104578247,0.18946939232296814,183.20074428345265
M003872,walking,128,0.00017043912125733462,0.22409518926035152,331.2973758020424
M003925,walking;running,128,0.00018308056380146972,0.23887768871700824,277.0508981123862
M003998,kicking;dancing,128,0.00020960527088328227,0.3510737818376524,447.3629698756778
M004395,standing,128,0.0002084906491968401,0.18288020725423706,136.30374260731068
M004501,standing,128,0.00015904835741748774,0.18032137814708332,71.47256329480831
M004878,standing,128,0.00017726357209954792,0.19230103187756806,227.1070967398755
M005123,walking,128,0.00018822867825132988,0.19931358252464365,327.8085278338917
M005365,other,128,0.00019190918776902693,0.16605824347734188,51.81794522126274
M005489,walking;standing,128,0.00019582090199043886,0.21917155168110564,340.9674160094655
M005754,other,128,0.0001964428160691762,0.19048924122311187,429.0425403816746
M006156,walking,128,0.00022238046788058857,0.28019895809012557,514.1158345772816
M006362,walking,128,0.00021949517246083725,0.2639028514408474,538.2529398258478
M006545,walking,128,0.0002357214820263784,0.43742752316069866,384.02466866763615
M006613,other,128,0.00016873131251835417,0.18030377878307097,271.44275674931725
M006628,other,128,0.00014728505995680483,0.17819785549071812,101.36620819502787
M007469,walking;running,128,0.00016851040423964094,0.18621394911140324,241.96212470319202
M007601,dancing,128,0.00016338930501420213,0.19934002527145445,359.78508688951746
M007634,walking,128,0.00021712283458406986,0.3013126173866874,545.2056487461289
M007656,sitting;standing,128,0.0002146803267617094,0.23317909802054032,495.2799814268651
M007861,walking,128,0.00015969443819980217,0.18852830868201534,352.5539809529687
M007881,walking,128,0.00020055437843526344,0.22063302464829435,381.89998923930915
M007973,walking,128,0.0002409318699370571,0.43151698206783745,386.21741332470435
M008124,kicking,128,0.00020929101162079787,0.22811143375726142,275.5064945240381
M008156,jumping;standing,128,0.0001433786752816197,0.15195749085693605,225.5317849203518
M008265,kicking,128,0.00016743427068420446,0.20296742312865726,208.12999734916414
M008918,other,128,0.00012182479365651146,0.15341226253495996,162.7581190983437
M008929,walking;standing,128,0.0002452214181050244,0.37511360218711287,469.25700709798974
M008973,walking,128,0.00019881934009087246,0.22514009755095876,366.47954347635414
M009021,jumping,128,0.00012546193456735902,0.16155451390933342,127.9432614386778
M009226,standing,128,0.00017877737161825667,0.23656876098581503,98.82032324905225
M009489,walking,128,0.00018468291182681908,0.215021765890294,305.0961450613582
M009624,other,128,0.00014653142403911793,0.1579722059659528,65.05443415196876
M009670,walking,128,0.00018748087615391641,0.2564762519829175,329.07568082885285
M009984,other,128,0.00023767316589693612,0.21147564450687825,202.4941114282381
M010075,other,128,0.0001759845506219948,0.21022330096019118,129.98408757864868
M010197,walking;running,128,0.00018737227992194738,0.2235643525155851,266.41519745927894
M010275,walking,128,0.0002306282751195623,0.2924883697452189,468.1185207008197
M010318,walking;running,128,0.0002223762985685673,0.42795072238313275,345.20208724851875
M010325,walking,128,0.00022271762823257248,0.31177093101691805,626.1502382351083
M011029,other,128,0.00018543153783801223,0.1623540942065011,54.51059313591769
M011241,walking,128,0.00021122159472326701,0.31278942574146046,459.0782924169002
M011758,standing,128,0.0002589504523483897,0.2920962510592754,218.38739322043662
M011957,other,128,0.0001553769870824738,0.191641378063086,135.37306839356395
M012386,standing,128,0.0002675905813481595,0.2039349513838894,176.6948990853281
M012443,standing,128,0.00018414679881724328,0.1755528577352803,362.9703152721472
M012597,walking,128,0.00021445707265318749,0.27903075940533056,317.27441791053485
M012599,running;jumping,128,0.00021208958884923057,0.20520027168310986,346.1249729013242
M013055,walking,128,0.00019661937977932223,0.301307320446196,361.93665160291806
M013150,walking,128,0.00016429584090010715,0.2858069001959667,335.1331706015313
M013236,kicking;standing,128,0.00017470506051789618,0.20592266452181715,411.6126568082153
M013394,other,128,0.0002527912282150295,0.21365852343769826,174.37945469216783
M013848,jumping;standing,128,0.00013327530848659212,0.1557143466179386,98.1692644269141
M014053,walking,128,0.00018199786992832318,0.3317459339256768,364.2548831796641
M014401,dancing,128,0.00015426359411657432,0.2112689189733009,346.29539999600746
